City_ID,City,Country,Lat,Lng,Max Temp,Humidity,Cloudiness,Wind Speed,Current Description
0,Rikitea,PF,-23.1203,-134.9692,78.64,73,47,12.33,scattered clouds
1,Lompoc,US,34.6391,-120.4579,67.14,52,0,6.91,clear sky
2,Albany,US,42.6001,-73.9662,21.16,62,25,1.99,scattered clouds
3,Hilo,US,19.7297,-155.09,73.62,88,37,1.01,scattered clouds
4,Saint George,US,37.1041,-113.5841,52.36,30,0,1.01,clear sky
5,Ushuaia,AR,-54.8,-68.3,64.06,45,40,14.97,scattered clouds
6,Hervey Bay,AU,-25.2986,152.8535,68.04,58,83,21.0,broken clouds
7,Pangai,TO,-19.8,-174.35,78.53,87,100,26.22,moderate rain
8,Vrangel,RU,42.7297,133.0839,10.62,62,9,18.05,clear sky
9,Dikson,RU,73.5069,80.5464,-18.04,100,98,3.65,overcast clouds
10,Faanui,PF,-16.4833,-151.75,81.03,71,10,18.45,clear sky
11,Narsaq,GL,60.9167,-46.05,7.02,73,0,5.68,clear sky
12,Cape Town,ZA,-33.9258,18.4232,77.88,63,69,1.99,broken clouds
13,Dubbo,AU,-32.25,148.6167,57.33,77,40,9.22,scattered clouds
14,Port Alfred,ZA,-33.5906,26.891,70.23,84,100,24.49,light rain
15,Bambous Virieux,MU,-20.3428,57.7575,80.22,89,75,20.71,light intensity shower rain
16,Kapaa,US,22.0752,-159.319,67.98,75,20,1.01,few clouds
17,Arraial Do Cabo,BR,-22.9661,-42.0278,84.06,70,0,20.71,clear sky
18,Mar Del Plata,AR,-38.0023,-57.5575,65.08,88,100,3.0,moderate rain
19,Waipawa,NZ,-41.4122,175.5153,56.03,96,100,13.04,overcast clouds
20,Hobart,AU,-42.8794,147.3294,58.01,78,40,4.61,scattered clouds
21,Hasaki,JP,35.7333,140.8333,25.2,32,25,8.75,scattered clouds
22,Coahuayana,MX,18.7333,-103.6833,85.48,35,15,4.16,few clouds
23,Bend,US,44.0582,-121.3153,46.45,62,0,1.01,clear sky
24,Tomioka,JP,36.25,138.9,27.07,46,22,4.34,few clouds
25,Prado,BR,-17.3411,-39.2208,78.55,79,74,9.73,broken clouds
26,Mataura,NZ,-46.1927,168.8643,50.49,90,27,1.63,scattered clouds
27,Gacko,BA,43.1672,18.5353,35.33,92,98,4.47,overcast clouds
28,Mahebourg,MU,-20.4081,57.7,80.26,89,75,20.71,light intensity shower rain
29,Butaritari,KI,3.0707,172.7902,82.24,70,25,19.44,scattered clouds
30,Busselton,AU,-33.65,115.3333,66.04,76,0,6.42,clear sky
31,Bluff,NZ,-46.6,168.3333,50.81,80,65,13.29,broken clouds
32,Victoria,HK,22.2855,114.1577,61.25,83,98,1.01,overcast clouds
33,Nikolskoye,RU,59.7035,30.7861,24.87,93,100,10.76,light snow
34,Hermanus,ZA,-34.4187,19.2345,70.81,74,77,17.9,broken clouds
35,Oktyabrskoye,RU,43.0645,44.7417,24.94,92,75,2.24,broken clouds
36,Yeppoon,AU,-23.1333,150.7333,73.18,71,28,19.46,scattered clouds
37,Fatsa,TR,41.0278,37.5014,42.6,71,97,7.11,overcast clouds
38,Saint-Pierre,RE,-21.3393,55.4781,82.08,69,100,9.22,overcast clouds
39,New Norfolk,AU,-42.7826,147.0587,57.65,63,100,1.23,overcast clouds
40,Viransehir,TR,37.2353,39.7631,38.66,49,0,3.2,clear sky
41,Biak,ID,-0.9131,122.8766,76.08,86,100,3.0,overcast clouds
42,Punta Arenas,CL,-53.15,-70.9167,66.31,52,75,31.07,broken clouds
43,Kruisfontein,ZA,-34.0033,24.7314,66.88,82,90,19.04,overcast clouds
44,Ankazobe,MG,-18.3167,47.1167,68.41,88,100,16.35,overcast clouds
45,Kalmunai,LK,7.4167,81.8167,75.7,78,5,7.72,clear sky
46,Luderitz,NA,-26.6481,15.1594,69.55,74,16,5.17,few clouds
47,General Salgado,BR,-20.6483,-50.3606,85.96,60,65,9.31,light rain
48,Homer,US,59.6425,-151.5483,37.29,85,0,3.44,clear sky
49,Palmer,US,42.1584,-72.3287,25.65,57,20,5.99,few clouds
50,Banda Aceh,ID,5.5577,95.3222,79.11,78,74,4.79,broken clouds
51,Atuona,PF,-9.8,-139.0333,78.78,75,16,23.17,few clouds
52,Puerto Ayora,EC,-0.7393,-90.3518,84.16,85,56,5.01,broken clouds
53,Maposeni,TZ,-10.5833,35.4,67.01,89,94,3.89,light rain
54,Mehamn,NO,71.0357,27.8492,22.35,82,54,20.29,broken clouds
55,Beira,MZ,-19.8436,34.8389,84.29,65,20,14.97,few clouds
56,Kodiak,US,57.79,-152.4072,31.51,86,40,4.61,scattered clouds
57,Dudinka,RU,69.4058,86.1778,-20.09,100,90,3.69,overcast clouds
58,Sohag,EG,26.557,31.6948,54.28,47,0,7.58,clear sky
59,Saldanha,ZA,-33.0117,17.9442,68.86,71,13,8.63,few clouds
60,Saint-Philippe,RE,-21.3585,55.7679,81.99,86,100,21.81,light rain
61,East London,ZA,-33.0153,27.9116,69.26,87,100,17.76,light rain
62,Tezu,IN,27.9167,96.1667,55.22,96,100,3.18,overcast clouds
63,Cap Malheureux,MU,-19.9842,57.6142,80.47,80,100,10.0,overcast clouds
64,Tiznit,MA,29.5833,-9.5,66.61,28,64,4.43,broken clouds
65,Tasiilaq,GL,65.6145,-37.6368,24.96,59,100,9.62,overcast clouds
66,Virginia Beach,US,36.8529,-75.978,42.85,49,40,1.01,scattered clouds
67,Sabya,SA,17.1495,42.6254,77.16,62,1,15.37,clear sky
68,Geilo,NO,60.5333,8.2076,24.4,90,60,8.61,light snow
69,Esperance,AU,-33.8667,121.9,66.6,70,4,18.25,clear sky
70,Salalah,OM,17.0151,54.0924,77.09,69,75,3.44,broken clouds
71,Samagaltay,RU,50.6022,95.0047,-17.52,98,84,0.72,broken clouds
72,Hithadhoo,MV,-0.6,73.0833,82.56,73,92,14.45,overcast clouds
73,Bay Roberts,CA,47.5999,-53.2648,50.5,95,100,10.0,moderate rain
74,Zhigansk,RU,66.7697,123.3711,-30.75,100,100,5.75,overcast clouds
75,Tateyama,JP,34.9833,139.8667,35.53,75,75,11.5,broken clouds
76,Pamekasan,ID,-7.1568,113.4746,77.92,88,100,9.33,overcast clouds
77,Gat,IL,31.61,34.7642,54.28,100,75,8.08,broken clouds
78,Constitucion,CL,-35.3333,-72.4167,71.76,55,1,16.24,clear sky
79,Pevek,RU,69.7008,170.3133,-28.82,99,38,3.29,scattered clouds
80,Castro,BR,-24.7911,-50.0119,75.85,78,95,8.34,heavy intensity rain
81,Pingtung,TW,22.6714,120.4881,58.82,83,15,3.04,few clouds
82,Provideniya,RU,64.3833,-173.3,-5.94,86,2,10.76,clear sky
83,Hondo,JP,32.45,130.2,38.95,60,91,21.12,overcast clouds
84,Beloha,MG,-25.1667,45.05,75.85,84,100,18.32,overcast clouds
85,Kavieng,PG,-2.5744,150.7967,81.21,78,82,6.26,broken clouds
86,Nizhnevartovsk,RU,60.9344,76.5531,15.82,92,100,6.71,light snow
87,Airai,TL,-8.9266,125.4092,61.03,92,93,1.83,overcast clouds
88,Hohhot,CN,40.8106,111.6522,14.2,54,57,4.54,broken clouds
89,Magalia,US,39.8121,-121.5783,50.16,41,100,3.29,overcast clouds
90,Salekhard,RU,66.53,66.6019,-19.86,100,39,0.92,scattered clouds
91,Bredasdorp,ZA,-34.5322,20.0403,70.29,79,63,20.74,broken clouds
92,Cayenne,GF,4.9333,-52.3333,84.24,80,75,8.01,broken clouds
93,Veraval,IN,20.9,70.3667,67.28,67,4,6.51,clear sky
94,Kokkola,FI,63.8385,23.1307,29.93,94,75,5.75,broken clouds
95,Ahuimanu,US,21.4447,-157.8378,69.78,88,75,6.91,broken clouds
96,Balakhninskiy,RU,58.0106,114.2769,-6.38,100,99,2.46,overcast clouds
97,Kaitangata,NZ,-46.2817,169.8464,45.28,88,43,6.35,scattered clouds
98,Savannah Bight,HN,16.45,-85.85,82.45,74,1,14.72,clear sky
99,Ust-Barguzin,RU,53.45,108.9833,2.03,98,96,4.14,overcast clouds
100,Pecos,US,31.4229,-103.4932,42.3,41,0,0.0,clear sky
101,Tuktoyaktuk,CA,69.4541,-133.0374,-30.42,99,56,8.93,broken clouds
102,Yuanping,CN,38.7153,112.7575,25.27,30,97,4.5,overcast clouds
103,Palaikastron,GR,35.2,26.25,52.75,62,6,4.18,clear sky
104,Grand Forks,US,47.9417,-97.4337,10.33,92,100,3.22,snow
105,Te Anau,NZ,-45.4167,167.7167,39.87,94,13,2.44,few clouds
106,Porto Belo,BR,-27.1578,-48.5531,95.63,64,39,11.12,scattered clouds
107,Koygorodok,RU,60.445,50.9968,9.82,95,20,5.99,few clouds
108,Yellowknife,CA,62.456,-114.3525,-12.59,86,75,6.91,light snow
109,Mana,GF,5.6592,-53.7767,81.37,75,65,10.71,broken clouds
110,Ponta Do Sol,PT,32.6667,-17.1,72.12,40,3,11.16,clear sky
111,Shenjiamen,CN,29.9576,122.298,39.27,63,5,14.83,clear sky
112,Isangel,VU,-19.55,169.2667,79.7,90,100,14.45,overcast clouds
113,Jasper,US,37.2001,-94.3502,39.34,42,0,7.0,clear sky
114,Wagar,SD,16.1525,36.2032,74.25,25,3,13.04,clear sky
115,Vaini,TO,-21.2,-175.2,77.4,91,100,22.12,heavy intensity rain
116,Jamestown,US,42.097,-79.2353,22.51,45,100,3.0,overcast clouds
117,Camacha,PT,33.0833,-16.3333,65.53,72,0,16.11,clear sky
118,Mwinilunga,ZM,-11.7358,24.4293,62.46,96,31,3.49,scattered clouds
119,Ndele,CF,8.4109,20.6473,79.12,18,53,4.61,broken clouds
120,Shetpe,KZ,44.1667,52.1167,30.43,85,100,20.04,overcast clouds
121,Georgetown,MY,5.4112,100.3354,81.9,79,40,0.0,scattered clouds
122,Tura,IN,25.5198,90.2201,50.34,91,11,1.23,few clouds
123,Areka,ET,7.0667,37.7,69.3,23,53,4.34,broken clouds
124,Khor,RU,47.8861,134.9464,-21.32,100,88,2.73,overcast clouds
125,Henties Bay,NA,-22.116,14.2845,68.86,80,7,6.44,clear sky
126,Westport,US,41.1415,-73.3579,29.75,64,20,1.01,few clouds
127,Ribeira Grande,PT,38.5167,-28.7,63.0,77,40,11.5,scattered clouds
128,Churapcha,RU,62.0025,132.4325,-32.28,100,99,0.76,overcast clouds
129,Cidreira,BR,-30.1811,-50.2056,82.81,69,97,9.98,heavy intensity rain
130,Lumeje,AO,-11.55,20.7833,66.27,84,97,4.5,overcast clouds
131,Batemans Bay,AU,-35.7167,150.1833,64.09,79,94,7.7,overcast clouds
132,Sakakah,SA,29.9697,40.2064,51.69,56,38,9.51,scattered clouds
133,Sayyan,YE,15.1718,44.3244,58.35,64,54,1.95,broken clouds
134,Kavaratti,IN,10.5669,72.642,78.87,61,31,10.22,scattered clouds
135,Codrington,AU,-38.2667,141.9667,56.62,90,99,8.01,overcast clouds
136,Bilma,NE,18.6853,12.9164,64.54,17,0,4.41,clear sky
137,Lannion,FR,48.75,-3.4167,49.14,76,0,12.66,clear sky
138,Chokurdakh,RU,70.6333,147.9167,-30.17,100,100,2.19,overcast clouds
139,Kuliyapitiya,LK,7.4688,80.0401,76.68,81,9,6.58,clear sky
140,Ico,BR,-6.4011,-38.8622,95.97,33,68,3.4,broken clouds
141,Bethel,US,41.3712,-73.414,27.1,70,75,3.0,broken clouds
142,Mitsamiouli,KM,-11.3847,43.2844,81.41,77,84,12.03,broken clouds
143,Hualmay,PE,-11.0964,-77.6139,75.74,70,25,11.25,scattered clouds
144,Puerto Escondido,MX,15.85,-97.0667,83.23,74,0,6.91,clear sky
145,Nanortalik,GL,60.1432,-45.2371,13.42,61,24,23.53,few clouds
146,Pangkalanbuun,ID,-2.6833,111.6167,74.14,96,97,2.42,overcast clouds
147,Olafsvik,IS,64.8945,-23.7142,30.38,66,100,19.24,overcast clouds
148,Kibray,UZ,41.3873,69.4641,50.52,30,71,10.71,broken clouds
149,Kolokani,ML,13.5728,-8.0339,86.0,7,0,6.82,clear sky
150,Avarua,CK,-21.2078,-159.775,78.85,83,40,11.5,scattered clouds
151,Khatanga,RU,71.9667,102.5,-33.11,100,78,1.05,broken clouds
152,Luena,AO,-11.7833,19.9167,62.01,91,80,4.61,broken clouds
153,Whitehorse,CA,60.7161,-135.0538,13.8,86,81,8.48,broken clouds
154,Lebu,CL,-37.6167,-73.65,64.13,67,0,19.86,clear sky
155,Nouadhibou,MR,20.931,-17.0347,66.38,77,0,19.84,clear sky
156,Codajas,BR,-3.8367,-62.0569,84.81,74,87,1.25,overcast clouds
157,Outlook,CA,51.5001,-107.0513,10.85,93,100,5.37,light snow
158,Carnarvon,AU,-24.8667,113.6333,79.52,80,27,8.05,scattered clouds
159,Marawi,PH,7.9986,124.2928,67.64,92,61,2.04,broken clouds
160,Fortuna,US,40.5982,-124.1573,52.93,85,0,1.99,clear sky
161,Pisco,PE,-13.7,-76.2167,72.01,83,75,9.22,mist
162,Nurota,UZ,40.5614,65.6886,59.09,50,94,32.12,overcast clouds
163,Leua,SK,48.2156,18.6071,39.49,65,5,10.51,clear sky
164,Bandarbeyla,SO,9.4942,50.8122,75.69,68,54,10.04,broken clouds
165,Sur,OM,22.5667,59.5289,73.22,51,0,5.41,clear sky
166,Mindif,CM,10.3976,14.4363,77.22,15,45,8.39,scattered clouds
167,Tonantins,BR,-2.8731,-67.8022,74.41,94,100,1.72,overcast clouds
168,Panalingaan,PH,8.7842,117.4231,77.88,81,90,4.85,overcast clouds
169,Inyonga,TZ,-6.7167,32.0667,65.52,84,100,2.17,overcast clouds
170,Adre,TD,13.4667,22.2,67.51,17,4,13.56,clear sky
171,Benghazi,LY,32.1167,20.0667,59.31,66,16,13.51,few clouds
172,Taoudenni,ML,22.6783,-3.9836,75.67,8,56,8.52,broken clouds
173,Moose Factory,CA,51.2585,-80.6094,-1.71,78,36,6.02,scattered clouds
174,Saquarema,BR,-22.92,-42.5103,87.82,80,85,10.8,overcast clouds
175,Guerrero Negro,MX,27.9769,-114.0611,64.17,26,0,2.68,clear sky
176,Qaanaaq,GL,77.484,-69.3632,1.71,75,90,4.09,overcast clouds
177,Jumla,NP,29.2747,82.1838,26.02,73,20,5.32,few clouds
178,Abeche,TD,13.8292,20.8324,73.18,16,41,11.36,scattered clouds
179,Quang Ngai,VN,15.1167,108.8,68.67,93,100,4.03,overcast clouds
180,Thompson,CA,55.7435,-97.8558,-12.33,90,79,3.38,broken clouds
181,Upernavik,GL,72.7868,-56.1549,-0.4,98,100,3.83,overcast clouds
182,Colares,PT,38.7992,-9.4469,58.19,70,20,1.01,few clouds
183,Belturbet,IE,54.1,-7.45,48.61,93,100,13.51,moderate rain
184,San Patricio,US,28.017,-97.5169,48.61,31,1,6.04,clear sky
185,Shaowu,CN,27.3409,117.4831,46.6,87,100,1.43,overcast clouds
186,Broome,US,42.2506,-75.833,19.65,68,75,4.0,broken clouds
187,Aklavik,CA,68.2191,-135.0107,-42.93,95,10,2.13,clear sky
188,Seoul,KR,37.5683,126.9778,24.24,52,1,3.98,clear sky
189,Nyurba,RU,63.2842,118.3319,-24.05,100,91,3.4,overcast clouds
190,Healesville,AU,-37.65,145.5167,61.99,87,45,2.64,scattered clouds
191,Corinto,GR,37.9407,22.9573,55.54,74,36,3.27,scattered clouds
192,Porto Novo,BJ,6.4965,2.6036,81.61,71,2,8.61,clear sky
193,Vardo,NO,70.3705,31.1107,26.42,78,100,26.17,overcast clouds
194,Pochutla,MX,15.7432,-96.4661,86.83,33,0,7.2,clear sky
195,Port Elizabeth,ZA,-33.918,25.5701,69.1,83,75,17.27,broken clouds
196,Geraldton,AU,-28.7667,114.6,70.21,94,100,3.44,overcast clouds
197,Oistins,BB,13.0667,-59.5333,82.49,57,20,16.11,few clouds
198,Mount Gambier,AU,-37.8333,140.7667,57.92,78,85,7.02,overcast clouds
199,Zyryanka,RU,65.75,150.85,-40.88,100,54,3.67,broken clouds
200,Umea,SE,63.8284,20.2597,17.53,100,0,3.44,clear sky
201,Merauke,ID,-8.4667,140.3333,80.4,85,100,7.78,overcast clouds
202,Baculin,PH,7.4525,126.5842,76.55,87,50,6.64,scattered clouds
203,Udachnyy,RU,66.4167,112.4,-31.43,100,80,3.31,broken clouds
204,Embu,BR,-23.6489,-46.8522,85.55,67,99,10.76,overcast clouds
205,Adrar,MR,20.5022,-10.0711,77.05,6,30,8.01,scattered clouds
206,Murindo,CO,6.9848,-76.7544,87.1,58,61,5.95,broken clouds
207,Helena,US,46.5927,-112.0361,44.31,54,75,15.99,broken clouds
208,Sudbury,CA,46.49,-80.99,8.06,48,13,3.94,few clouds
209,Laguna,US,38.421,-121.4238,60.08,68,0,1.01,clear sky
210,Severo-Kurilsk,RU,50.6789,156.125,28.74,93,100,6.02,snow
211,Aksu,CN,41.1231,80.2644,25.23,50,72,3.29,broken clouds
212,Poum,NC,-20.2333,164.0167,80.76,72,97,3.8,overcast clouds
213,Carutapera,BR,-1.195,-46.02,80.04,87,99,8.23,overcast clouds
214,Klaksvik,FO,62.2266,-6.589,36.52,89,96,33.76,overcast clouds
215,Saint-Georges,GD,12.0564,-61.7485,79.95,69,30,13.18,scattered clouds
216,Hargeysa,SO,9.56,44.065,63.72,43,97,7.49,overcast clouds
217,Ardakan,IR,32.31,54.0175,52.18,19,10,6.82,clear sky
218,Eureka,US,40.8021,-124.1637,52.2,54,67,3.22,broken clouds
219,Torbay,CA,47.6666,-52.7314,49.75,94,100,10.0,moderate rain
220,Alice Springs,AU,-23.7,133.8833,60.35,82,0,5.75,clear sky
221,Muroto,JP,33.2833,134.15,39.7,54,28,13.0,scattered clouds
222,Bubaque,GW,11.2833,-15.8333,79.07,57,0,13.51,clear sky
223,Berkak,NO,62.825,10.0118,23.79,81,70,11.32,broken clouds
224,Collie,AU,-33.3667,116.15,71.19,28,1,2.95,clear sky
225,Coihaique,CL,-45.5752,-72.0662,70.41,46,75,8.05,broken clouds
226,Longyearbyen,SJ,78.2186,15.6401,10.24,61,20,21.85,few clouds
227,Mopti,ML,14.6667,-4.0,86.04,21,0,4.61,clear sky
228,Hofn,IS,64.2539,-15.2082,29.61,52,100,7.67,overcast clouds
229,Sembakung,ID,3.8167,117.25,72.73,99,100,0.92,overcast clouds
230,Oeiras,BR,-7.0253,-42.1311,97.25,30,31,4.97,scattered clouds
231,Port Lincoln,AU,-34.7333,135.8667,66.11,81,100,15.12,overcast clouds
232,Tandalti,SD,13.0167,31.8667,64.74,15,63,12.59,broken clouds
233,Namibe,AO,-15.1961,12.1522,74.48,67,69,11.97,broken clouds
234,Sola,VU,-13.8833,167.55,82.42,77,100,21.05,overcast clouds
235,Lashio,MM,22.9333,97.75,52.3,81,1,0.45,clear sky
236,Moranbah,AU,-22.0016,148.0466,69.33,75,32,10.89,scattered clouds
237,Shelburne,CA,44.0787,-80.2041,16.25,69,28,5.48,scattered clouds
238,Khash,IR,28.2211,61.2158,57.45,28,0,13.96,clear sky
239,Tiksi,RU,71.6872,128.8694,-22.23,98,96,7.54,overcast clouds
240,Grand Gaube,MU,-20.0064,57.6608,80.38,81,100,8.01,overcast clouds
241,Bugiri,UG,0.5714,33.7417,65.84,79,98,7.18,overcast clouds
242,Makushino,RU,55.2103,67.2442,16.07,85,100,8.19,overcast clouds
243,Korla,CN,41.7597,86.1469,25.29,40,99,9.06,overcast clouds
244,Terney,RU,45.0503,136.6092,2.68,80,43,13.15,scattered clouds
245,Mpongwe,ZM,-13.5091,28.155,62.17,98,82,1.54,broken clouds
246,Haines Junction,CA,60.7522,-137.5108,8.55,92,99,4.61,overcast clouds
247,Winslow,US,35.0242,-110.6974,41.31,28,0,3.44,clear sky
248,Pacific Grove,US,36.6177,-121.9166,61.56,60,0,3.0,clear sky
249,Mandalgovi,MN,45.7625,106.2708,2.98,76,0,6.78,clear sky
250,Barrow,US,71.2906,-156.7887,-12.98,70,75,12.66,broken clouds
251,Eyl,SO,7.9803,49.8164,74.75,68,21,10.98,few clouds
252,Santa Rosa,PH,14.3122,121.1114,78.12,70,95,14.0,overcast clouds
253,Gus-Zheleznyy,RU,55.0581,41.1656,1.71,100,68,3.29,broken clouds
254,Port Hardy,CA,50.6996,-127.4199,41.76,85,70,5.86,broken clouds
255,Ancud,CL,-41.8697,-73.8203,72.23,58,8,7.56,clear sky
256,Rocha,UY,-34.4833,-54.3333,77.68,60,63,14.67,broken clouds
257,Kloulklubed,PW,7.0419,134.2556,81.1,80,58,23.55,broken clouds
258,Porbandar,IN,21.6422,69.6093,67.89,65,1,5.41,clear sky
259,Rivne,UA,50.6231,26.2274,35.83,86,98,11.48,overcast clouds
260,Ilulissat,GL,69.2167,-51.1,6.82,47,75,11.5,broken clouds
261,Itupiranga,BR,-5.1347,-49.3267,86.32,80,93,1.74,overcast clouds
262,Songkhla,TH,6.8333,100.6667,80.65,85,72,8.75,broken clouds
263,Taman,RU,45.2117,36.7161,32.34,73,49,14.29,scattered clouds
264,Ambanja,MG,-13.6833,48.45,73.18,91,100,3.36,light rain
265,Chara,RU,56.9064,118.2631,-17.05,81,70,1.52,broken clouds
266,Berga,NO,60.392,5.328,43.65,87,75,20.71,broken clouds
267,Ostrovnoy,RU,68.0531,39.5131,15.93,82,100,32.01,overcast clouds
268,Paamiut,GL,61.994,-49.6678,1.04,82,95,7.09,overcast clouds
269,Pontianak,ID,-0.0333,109.3333,76.98,100,75,1.14,light rain
270,Soria,ES,41.6667,-2.6667,42.01,55,41,6.46,scattered clouds
271,Sao Joao Da Barra,BR,-21.6403,-41.0511,86.09,79,67,25.3,broken clouds
272,Morant Bay,JM,17.8815,-76.4093,87.42,55,36,11.05,scattered clouds
273,Saskylakh,RU,71.9167,114.0833,-27.27,100,85,3.62,overcast clouds
274,Doka,SD,13.5167,35.7667,74.5,22,15,12.77,few clouds
275,Niquero,CU,20.0431,-77.5828,83.43,41,5,13.71,clear sky
276,Rostovka,RU,55.3842,71.8891,9.88,81,100,8.16,overcast clouds
277,Abu Kamal,SY,34.4506,40.9171,52.86,53,9,7.92,clear sky
278,Brigantine,US,39.4101,-74.3646,32.34,51,0,25.32,clear sky
279,Emerald,AU,-23.5333,148.1667,67.33,60,1,9.1,clear sky
280,Samarai,PG,-10.6167,150.6667,79.97,82,100,8.86,overcast clouds
281,Avera,US,33.194,-82.5271,50.68,47,21,7.43,few clouds
282,Katsuura,JP,35.1333,140.3,35.62,44,31,5.14,scattered clouds
283,Dubno,UA,50.4169,25.7343,35.89,96,93,11.92,overcast clouds
284,Sept-Iles,CA,50.2001,-66.3821,10.06,47,100,3.0,overcast clouds
285,Kumba,CM,4.6363,9.4469,79.74,68,30,4.0,scattered clouds
286,Akyab,MM,20.15,92.9,69.57,85,8,3.8,clear sky
287,Shaoguan,CN,24.8,113.5833,46.08,84,97,2.51,light rain
288,Fort Saint James,CA,54.4333,-124.25,38.46,72,82,8.81,broken clouds
289,Talnakh,RU,69.4865,88.3972,-17.68,100,95,3.58,overcast clouds
290,Kindu,CD,-2.95,25.95,71.56,91,65,2.77,light rain
291,Vendome,FR,47.8,1.0667,44.29,69,45,9.08,scattered clouds
292,Roald,NO,62.5833,6.1333,39.34,81,75,16.11,light intensity drizzle
293,Tautira,PF,-17.7333,-149.15,82.42,73,27,17.25,scattered clouds
294,Iqaluit,CA,63.7506,-68.5145,-29.18,96,100,2.44,overcast clouds
295,Manacapuru,BR,-3.2997,-60.6206,84.78,80,86,3.56,overcast clouds
296,Terrace Bay,CA,48.7834,-87.1,8.22,76,100,7.63,overcast clouds
297,Ponta Delgada,PT,37.7333,-25.6667,65.5,77,20,14.97,few clouds
298,Malayal,PH,7.208,121.942,75.0,81,100,5.08,overcast clouds
299,Tocopilla,CL,-22.092,-70.1979,73.51,66,11,9.44,few clouds
300,Esna,EG,25.2934,32.554,56.19,40,0,13.33,clear sky
301,Rawson,AR,-43.3002,-65.1023,63.03,44,0,11.86,clear sky
302,Ahipara,NZ,-35.1667,173.1667,71.15,98,99,6.2,overcast clouds
303,Islampur,IN,26.2667,88.2,54.1,88,0,3.74,clear sky
304,Berlevag,NO,70.8578,29.0864,23.54,84,99,25.01,overcast clouds
305,Destin,US,30.3935,-86.4958,50.23,47,0,12.66,clear sky
306,Vostok,RU,46.4856,135.8833,-10.44,99,100,3.04,overcast clouds
307,Saint-Joseph,RE,-21.3667,55.6167,80.98,82,100,17.96,light rain
308,Itarema,BR,-2.9248,-39.9167,84.47,66,92,14.83,overcast clouds
309,Lufilufi,WS,-13.8745,-171.5986,76.78,79,100,16.51,light rain
310,Quesnel,CA,52.9999,-122.5029,28.9,93,100,3.44,mist
311,Pangnirtung,CA,66.1451,-65.7125,-23.8,69,40,0.0,scattered clouds
312,Chuguyevka,RU,44.1653,133.8633,-6.63,100,100,1.34,overcast clouds
313,Falam,MM,22.9167,93.6833,44.83,96,66,4.36,broken clouds
314,Ciro Marina,IT,39.3732,17.126,55.42,67,100,5.12,overcast clouds
315,Harper,LR,4.375,-7.7169,82.09,74,62,8.79,broken clouds
316,Awbari,LY,26.5921,12.7805,57.9,25,1,9.55,clear sky
317,Olenino,RU,56.2092,33.4889,18.37,95,100,10.07,light snow
318,Vanavara,RU,60.34,102.2797,15.87,96,100,5.61,light snow
319,Sioux Lookout,CA,50.1001,-91.917,5.38,78,100,8.05,overcast clouds
320,Praya,CV,14.9215,-23.5087,79.34,41,0,17.27,clear sky
321,Naryan-Mar,RU,67.6713,53.087,-6.86,98,67,9.91,broken clouds
322,San Cristobal,VE,7.7669,-72.225,75.38,57,79,0.49,broken clouds
323,Niscemi,IT,37.1486,14.3913,55.26,94,0,5.75,clear sky
324,Kenai,US,60.5544,-151.2583,27.09,93,100,9.22,light snow
325,Ukiah,US,39.1502,-123.2078,62.96,59,100,1.01,overcast clouds
326,Yulara,AU,-25.2406,130.9889,67.84,52,0,6.91,clear sky
327,San Andres,CO,12.5847,-81.7006,80.62,74,75,10.36,broken clouds
328,Leningradskiy,RU,69.3833,178.4167,-22.23,96,26,4.54,scattered clouds
329,Bathsheba,BB,13.2167,-59.5167,83.01,57,20,16.11,few clouds
330,Flinders,AU,-34.5833,150.8552,67.8,79,99,5.99,light rain
331,Kamenka,RU,51.3223,42.7678,10.38,96,95,8.95,overcast clouds
332,Hay River,CA,60.8156,-115.7999,-7.62,77,75,3.44,light snow
333,Dickinson,US,29.4608,-95.0513,47.16,51,0,1.99,clear sky
334,Togur,RU,58.3631,82.8265,17.64,94,100,5.44,overcast clouds
335,Oksfjord,NO,70.2396,22.3479,29.32,85,36,17.76,scattered clouds
336,Kalabo,ZM,-14.97,22.6814,68.43,92,87,5.82,moderate rain
337,Barcelos,PT,41.5388,-8.6151,56.84,73,7,5.53,clear sky
338,Vila Velha,BR,-20.3297,-40.2925,84.15,79,40,15.01,scattered clouds
339,Leshan,CN,29.5623,103.7639,44.6,89,100,6.22,overcast clouds
340,Portland,US,45.5234,-122.6762,48.09,90,75,3.0,broken clouds
341,Ust-Tsilma,RU,65.441,52.1498,-8.54,100,57,3.87,broken clouds
342,Dondo,MZ,-19.6094,34.7431,83.71,76,15,8.99,few clouds
343,Biltine,TD,14.5333,20.9167,71.67,14,53,17.29,broken clouds
344,Tilichiki,RU,60.4667,166.1,4.53,80,100,7.7,overcast clouds
345,Ruteng,ID,-8.6136,120.4721,62.85,90,91,1.66,overcast clouds
346,Phu Ly,VN,20.5411,105.9139,57.61,73,95,3.42,overcast clouds
347,Atasu,KZ,48.6814,71.6433,16.83,65,4,19.48,clear sky
348,Pudozh,RU,61.8099,36.5345,15.08,87,100,10.69,overcast clouds
349,Kahului,US,20.8947,-156.47,77.85,77,20,0.0,few clouds
350,La Palma,US,33.8464,-118.0467,70.27,22,0,3.0,clear sky
351,Kijang,KR,35.2442,129.2139,26.33,54,69,17.98,broken clouds
352,Auki,SB,-8.7676,160.7034,79.23,86,78,6.22,broken clouds
353,Gushikawa,JP,26.3544,127.8686,56.43,58,75,11.5,broken clouds
354,Yerbogachen,RU,61.2767,108.0108,9.1,96,100,4.88,overcast clouds
355,Saint-Gaudens,FR,43.0833,0.6667,43.14,82,83,2.93,broken clouds
356,Puerto El Triunfo,SV,13.2833,-88.55,89.76,43,0,7.94,clear sky
357,Necochea,AR,-38.5473,-58.7368,63.03,77,100,23.51,overcast clouds
358,Cherskiy,RU,68.75,161.3,-33.21,96,17,1.74,few clouds
359,Elat,IL,29.5581,34.9482,57.54,48,23,5.5,few clouds
360,Sabha,LY,27.0377,14.4283,58.14,24,0,6.67,clear sky
361,Ayagoz,KZ,47.9714,80.4392,-3.78,86,1,6.91,clear sky
362,Verkhnyaya Toyma,RU,62.2349,44.9985,-0.27,98,84,4.81,broken clouds
363,Jiuquan,CN,39.7432,98.5174,17.11,42,100,6.82,overcast clouds
364,Mezhdurechensk,RU,53.6942,88.0603,6.91,98,89,2.39,overcast clouds
365,Carballo,ES,43.213,-8.691,51.22,79,12,9.35,few clouds
366,Orlik,RU,52.5178,99.825,0.25,91,100,3.6,overcast clouds
367,Zhangye,CN,38.9342,100.4517,18.84,62,100,2.77,overcast clouds
368,Cabra,ES,37.4725,-4.4421,62.04,63,58,2.98,broken clouds
369,Bulgan,MN,48.8125,103.5347,-3.1,87,34,4.47,scattered clouds
370,Ulaanbaatar,MN,47.9077,106.8832,-20.07,69,0,2.24,clear sky
371,Fukue,JP,32.6881,128.8419,41.58,61,97,27.72,overcast clouds
372,Verkhnyaya Inta,RU,65.9811,60.3094,-11.81,96,27,4.38,scattered clouds
373,Wexford,IE,52.3342,-6.4575,51.13,77,100,29.1,overcast clouds
374,Sitka,US,57.0531,-135.33,42.69,81,100,13.8,moderate rain
375,Kurumkan,RU,54.3,110.3,-4.85,95,89,3.02,overcast clouds
376,College,US,64.8569,-147.8028,1.58,80,75,4.61,broken clouds
377,Borogontsy,RU,62.6683,131.1683,-39.71,100,82,1.25,broken clouds
378,Ishigaki,JP,24.3448,124.1572,64.02,70,91,20.89,overcast clouds
379,Molfetta,IT,41.2002,16.5975,54.68,87,0,1.99,clear sky
380,Marsa Matruh,EG,31.3525,27.2453,57.18,73,1,11.05,clear sky
381,Raudeberg,NO,61.9875,5.1352,39.87,93,100,13.0,light rain
382,Naze,JP,28.3667,129.4833,51.04,69,84,16.91,broken clouds
383,Pascagoula,US,30.3658,-88.5561,47.41,47,0,13.8,clear sky
384,Djambala,CG,-2.5447,14.7533,73.74,77,60,2.64,light rain
385,Hit,IQ,33.6416,42.8251,54.18,50,64,4.7,broken clouds
386,Banfora,BF,10.6333,-4.7667,88.93,10,24,3.58,few clouds
387,Canatlan,MX,24.5167,-104.7833,49.32,41,0,8.79,clear sky
388,Camara De Lobos,PT,32.6333,-16.9667,71.13,85,40,9.22,scattered clouds
389,Guarapari,BR,-20.6667,-40.4975,84.09,73,78,18.88,broken clouds
390,Ambon,ID,-3.6954,128.1814,77.14,88,20,5.75,few clouds
391,Ca Mau,VN,9.1769,105.15,77.79,67,100,8.81,overcast clouds
392,Half Moon Bay,US,37.4636,-122.4286,59.97,71,0,0.0,haze
393,Mahon,ES,39.8885,4.2658,52.36,82,40,2.3,scattered clouds
394,Huilong,CN,31.8111,121.655,39.04,63,54,8.48,broken clouds
395,Dano,BF,11.15,-3.0667,88.84,8,36,4.65,scattered clouds
396,Karratha,AU,-20.7377,116.8463,84.65,70,62,5.77,broken clouds
397,Sao Filipe,CV,14.8961,-24.4956,75.06,66,0,9.17,clear sky
398,Tukrah,LY,32.5341,20.5791,55.29,75,7,16.15,clear sky
399,Bairiki,KI,1.3292,172.9752,81.81,73,10,19.84,clear sky
400,Dunedin,NZ,-45.8742,170.5036,51.8,80,32,6.15,scattered clouds
401,Bengkulu,ID,-3.8004,102.2655,74.55,96,100,9.44,heavy intensity rain
402,Atbasar,KZ,51.8,68.3333,10.02,83,100,9.42,overcast clouds
403,Wewak,PG,-3.5534,143.6268,79.29,86,96,11.72,overcast clouds
404,Lorengau,PG,-2.0226,147.2712,80.71,77,36,8.68,scattered clouds
405,Madimba,TZ,-10.4,40.3333,78.49,76,83,6.22,broken clouds
406,Hamilton,US,39.1834,-84.5333,25.5,73,40,1.99,snow
407,Grindavik,IS,63.8424,-22.4338,26.55,80,40,6.91,scattered clouds
408,Olinda,BR,-8.0089,-34.8553,85.73,54,20,9.22,few clouds
409,Punuare,HN,14.7333,-85.9667,93.96,29,12,4.65,few clouds
410,Jardim,BR,-21.4803,-56.1381,85.89,58,72,6.85,heavy intensity rain
411,Ola,RU,59.5833,151.2833,-3.96,76,43,11.34,scattered clouds
412,Alyangula,AU,-13.8483,136.4192,78.94,83,92,8.79,overcast clouds
413,Alenquer,BR,-1.9417,-54.7383,84.54,72,89,3.04,overcast clouds
414,Wajid,SO,3.8093,43.2471,83.26,18,80,10.11,broken clouds
415,Nkayi,CG,-4.1841,13.2884,77.43,85,29,3.33,light rain
416,Olkhovatka,RU,50.2831,39.2872,2.19,100,34,4.29,scattered clouds
417,Roma,US,43.2128,-75.4557,19.44,61,0,18.41,clear sky
418,Golden,US,39.7555,-105.2211,50.2,33,75,20.0,broken clouds
419,Clyde River,CA,70.4692,-68.5914,-25.37,68,40,11.5,scattered clouds
420,Cuyo,PH,10.8525,121.0086,79.77,80,81,30.94,broken clouds
421,Shingu,JP,33.7333,135.9833,38.91,77,25,7.31,scattered clouds
422,Kaoma,ZM,-14.7833,24.8,66.34,91,60,0.49,light rain
423,Sangar,RU,63.9242,127.4739,-33.52,99,100,3.29,overcast clouds
424,Grajau,BR,-5.8194,-46.1386,83.8,76,99,2.24,overcast clouds
425,Onega,RU,63.9061,38.1404,12.81,88,100,15.55,overcast clouds
426,Souillac,MU,-20.5167,57.5167,80.37,89,75,20.71,light intensity shower rain
427,Hangu,CN,39.2489,117.7892,28.44,52,21,8.43,few clouds
428,Puerto Leguizamo,CO,-0.1934,-74.7819,84.81,67,95,3.53,heavy intensity rain
429,Edea,CM,3.8,10.1333,81.1,73,41,5.97,scattered clouds
430,Baker City,US,44.7749,-117.8344,40.14,85,41,1.83,scattered clouds
431,Port Keats,AU,-14.25,129.55,76.89,87,100,3.71,overcast clouds
432,Anadyr,RU,64.75,177.4833,-5.3,77,0,20.13,clear sky
433,Danville,US,36.586,-79.395,40.57,43,0,14.97,clear sky
434,Rapid Valley,US,44.0625,-103.1463,51.84,30,0,8.99,clear sky
435,Port Blair,IN,11.6667,92.75,80.64,83,20,2.3,mist
436,Derzhavinsk,KZ,51.1,66.3167,16.29,79,100,13.8,overcast clouds
437,Griffith,US,41.5284,-87.4237,21.31,63,75,3.0,broken clouds
438,Vanimo,PG,-2.6741,141.3028,78.01,87,94,6.17,overcast clouds
439,Kishtwar,IN,33.3167,75.7667,32.49,69,47,4.9,scattered clouds
440,Midland,US,31.9974,-102.0779,45.95,34,0,12.66,clear sky
441,Alta,NO,69.9689,23.2717,27.66,76,75,12.66,broken clouds
442,Pestravka,RU,52.405,49.9583,24.51,98,100,3.31,overcast clouds
443,Cloquet,US,46.7216,-92.4594,10.38,81,100,6.91,snow
444,Fez,MA,34.0372,-4.9998,61.05,55,0,3.44,clear sky
445,Port-Gentil,GA,-0.7193,8.7815,79.86,80,22,9.24,few clouds
446,Vila Franca Do Campo,PT,37.7167,-25.4333,64.2,76,79,12.59,broken clouds
447,San Borja,BO,-14.8167,-66.85,85.48,69,99,7.74,overcast clouds
448,Sakaiminato,JP,35.55,133.2333,33.78,75,75,24.16,broken clouds
449,Odesskoye,RU,54.2111,72.9651,4.08,84,98,7.54,overcast clouds
450,Gao,ML,16.6362,1.637,71.35,10,0,10.92,clear sky
451,Oranjemund,NA,-28.55,16.4333,67.89,74,27,7.4,scattered clouds
452,Kupang,ID,-10.1667,123.5833,79.09,85,93,9.71,overcast clouds
453,Zalantun,CN,48.0,122.7167,-2.92,88,76,6.15,broken clouds
454,Kashi,CN,39.4547,75.9797,30.22,74,75,8.95,broken clouds
455,Simbahan,PH,6.3032,120.5836,81.19,81,92,18.99,overcast clouds
456,Lishan,CN,31.8576,113.2951,35.87,49,92,8.12,moderate rain
457,San Quintin,MX,30.4833,-115.95,62.1,23,0,3.15,clear sky
458,Roebourne,AU,-20.7833,117.1333,84.33,72,52,4.29,broken clouds
459,San Policarpo,PH,12.1791,125.5072,80.67,68,91,17.09,overcast clouds
460,Ewa Beach,US,21.3156,-158.0072,70.59,81,40,5.99,scattered clouds
461,Korce,AL,40.6186,20.7808,35.37,97,92,2.17,overcast clouds
462,Amalapuram,IN,16.5833,82.0167,69.12,91,72,3.74,broken clouds
463,Maniitsoq,GL,65.4167,-52.9,6.04,91,100,11.99,light snow
464,Tibati,CM,6.4667,12.6333,75.16,21,77,5.68,broken clouds
465,Tutoia,BR,-2.7619,-42.2744,87.78,73,100,11.48,overcast clouds
466,Antofagasta,CL,-23.65,-70.4,70.21,64,12,9.24,few clouds
467,Nishihara,JP,26.1842,127.7558,56.48,62,75,20.71,broken clouds
468,Atikokan,CA,48.7555,-91.6216,8.6,94,100,10.98,snow
469,Aswan,EG,24.0934,32.907,56.35,42,0,11.59,clear sky
470,Richards Bay,ZA,-28.783,32.0377,73.15,82,99,10.92,overcast clouds
471,Phanom Thuan,TH,14.1303,99.6986,82.87,58,92,2.84,light rain
472,Puerto Baquerizo Moreno,EC,-0.9,-89.6,83.39,70,40,16.11,scattered clouds
473,Tessalit,ML,20.1986,1.0114,70.5,10,0,8.12,clear sky
474,Houston,US,29.7633,-95.3633,48.34,48,0,1.99,clear sky
475,Koumac,NC,-20.5667,164.2833,77.63,82,74,0.36,broken clouds
476,Waingapu,ID,-9.6567,120.2641,78.6,87,98,7.47,overcast clouds
477,Ribeira Brava,PT,32.65,-17.0667,71.13,40,2,11.83,clear sky
478,Xocali,AZ,39.913,46.7903,32.31,92,97,2.62,light snow
479,Minbu,MM,20.1833,94.8833,67.05,64,0,6.4,clear sky
480,Lichinga,MZ,-13.3128,35.2406,66.29,94,100,8.05,light intensity drizzle
481,Byron Bay,AU,-28.65,153.6167,66.15,72,81,19.46,light rain
482,Vao,NC,-22.6667,167.4833,79.83,86,96,7.72,light rain
483,Chuy,UY,-33.6971,-53.4616,79.97,55,98,5.08,overcast clouds
484,Gorshechnoye,RU,51.5244,38.0365,0.95,100,45,4.32,scattered clouds
485,Hobyo,SO,5.3505,48.5268,76.55,69,22,10.85,few clouds
486,Oswego,US,43.4501,-76.1497,18.95,74,69,8.99,broken clouds
487,Eskilstuna,SE,59.3666,16.5077,36.03,85,15,7.0,few clouds
488,Hovd,MN,48.0056,91.6419,-12.28,81,13,2.68,few clouds
489,Dongsheng,CN,39.8161,109.9776,13.19,43,88,5.17,overcast clouds
490,Westerland,DE,54.9079,8.3033,42.82,87,100,25.32,light rain
491,Norman Wells,CA,65.282,-126.8329,-9.8,92,90,6.38,overcast clouds
492,Tambun,ID,-6.2641,107.0712,78.04,91,100,5.75,overcast clouds
493,Maxixe,MZ,-23.8597,35.3472,80.42,78,40,12.66,scattered clouds
494,San Jose,US,37.3394,-121.895,60.44,57,75,0.0,broken clouds
495,Rio Gallegos,AR,-51.6226,-69.2181,77.05,27,40,24.16,scattered clouds
496,Nushki,PK,29.5542,66.0215,62.08,15,0,14.38,clear sky
497,Butembo,CD,0.15,29.2833,62.22,73,100,1.32,overcast clouds
498,Nerchinskiy Zavod,RU,51.3088,119.61,-16.06,97,91,3.31,overcast clouds
499,Saint Anthony,US,45.0205,-93.218,15.66,60,75,7.0,broken clouds
500,Wanaka,NZ,-44.7,169.15,49.1,80,48,1.99,scattered clouds
501,Muros,ES,42.7762,-9.0603,53.1,69,15,15.12,few clouds
502,Bilibino,RU,68.0546,166.4372,-15.0,95,11,4.72,few clouds
503,Chabahar,IR,25.2919,60.643,71.85,73,1,5.75,clear sky
504,Virar,IN,19.4667,72.8,73.49,63,14,6.31,few clouds
505,Denpasar,ID,-8.65,115.2167,81.72,83,75,9.22,broken clouds
506,Marzuq,YE,14.4,46.4667,68.43,39,34,5.57,scattered clouds
507,Isabela,PH,6.7085,121.9711,75.25,81,100,2.59,overcast clouds
508,Edd,ER,13.9297,41.6925,77.43,80,54,19.39,broken clouds
509,Jalu,LY,29.0331,21.5482,58.24,45,0,3.36,clear sky
510,Songea,TZ,-10.6833,35.65,65.3,91,95,3.91,overcast clouds
511,Huron,US,41.1501,-82.5499,24.08,73,96,5.82,overcast clouds
512,Atsipopoulon,GR,35.35,24.4333,56.25,81,10,4.07,clear sky
513,Xuddur,SO,4.1213,43.8894,80.71,18,61,8.72,broken clouds
514,Beringovskiy,RU,63.05,179.3167,-8.99,91,70,14.9,broken clouds
515,Ixtapa,MX,20.7,-105.2,76.23,61,75,3.44,broken clouds
516,Tigzirt,DZ,36.8886,4.1198,55.74,85,99,13.91,overcast clouds
517,Noumea,NC,-22.2763,166.4572,76.98,89,77,7.34,light rain
518,Coquimbo,CL,-29.9533,-71.3436,72.37,65,1,7.92,clear sky
519,Armidale,AU,-30.5167,151.65,51.82,95,74,8.52,broken clouds
520,Totness,SR,5.8833,-56.3167,80.91,75,86,10.85,light rain
521,Nantucket,US,41.2835,-70.0995,29.08,72,75,13.8,broken clouds
522,Honiara,SB,-9.4333,159.95,78.98,88,99,1.32,overcast clouds
523,Kieta,PG,-6.2167,155.6333,80.26,83,100,7.07,overcast clouds
524,Kalur Kot,PK,32.1564,71.2594,57.51,43,95,6.02,overcast clouds
525,Monrovia,LR,6.3005,-10.7969,85.77,76,26,11.65,scattered clouds
526,Moron,AR,-34.6534,-58.6198,74.01,64,85,12.71,overcast clouds
527,Abhar,IR,36.1468,49.218,30.76,79,18,11.86,few clouds
528,Kumluca,TR,36.3703,30.2869,46.67,65,10,5.66,clear sky
529,Khon Kaen,TH,16.5,102.0833,69.1,61,78,3.58,broken clouds
530,Lagoa,PT,39.05,-27.9833,58.69,79,35,18.28,scattered clouds
531,Storsteinnes,NO,69.2408,19.2344,33.8,86,71,9.37,broken clouds
532,Macomb,US,40.4592,-90.6718,18.16,62,0,1.01,clear sky
533,Port Augusta,AU,-32.5,137.7667,75.7,28,33,18.97,scattered clouds
534,Vung Tau,VN,10.346,107.0843,77.14,72,100,12.1,overcast clouds
535,Thinadhoo,MV,0.5333,72.9333,82.67,72,79,12.57,broken clouds
536,Mattru,SL,7.6244,-11.8332,89.69,44,42,7.18,scattered clouds
537,Seybaplaya,MX,19.65,-90.6667,74.66,73,99,16.31,overcast clouds
538,Hadejia,NG,12.4498,10.0444,72.16,17,3,10.49,clear sky
539,Poya,NC,-21.35,165.15,76.87,92,56,4.16,broken clouds
540,Amapa,BR,1.0,-52.0,79.36,93,95,4.16,light rain
541,Margate,GB,51.3813,1.3862,49.69,74,88,10.0,overcast clouds
542,Port Macquarie,AU,-31.4333,152.9167,62.56,74,89,13.38,overcast clouds
543,Stornoway,GB,58.2093,-6.3865,35.92,80,40,4.0,scattered clouds
544,Padang,ID,-0.9492,100.3543,74.1,97,100,0.58,light rain
545,Podolinec,SK,49.2587,20.536,31.91,86,51,8.14,light snow
546,Lahaina,US,20.8783,-156.6825,77.81,76,2,2.8,clear sky
547,Douentza,ML,14.9951,-2.9517,78.44,8,0,7.81,clear sky
548,Esso,RU,55.9333,158.7,6.24,97,100,2.89,overcast clouds
549,Coos Bay,US,43.3665,-124.2179,48.85,100,40,8.05,scattered clouds
550,Bakchar,RU,57.0186,82.0711,15.73,87,100,6.35,overcast clouds
551,Kununurra,AU,-15.7667,128.7333,78.78,94,100,0.0,overcast clouds
552,Praia Da Vitoria,PT,38.7333,-27.0667,61.75,88,75,17.29,broken clouds
553,Les Cayes,HT,18.2,-73.75,85.12,37,42,8.41,scattered clouds
554,Komsomolskiy,UZ,40.4272,71.7189,40.42,48,57,4.61,broken clouds
555,Puerto Quijarro,BO,-17.7833,-57.7667,93.27,45,100,5.26,overcast clouds
556,Juegang,CN,32.3174,121.1855,33.91,57,44,7.47,scattered clouds
557,Pachelma,RU,53.2443,43.3521,8.24,99,95,5.19,overcast clouds
558,Shangrao,CN,28.4532,117.9686,41.36,74,89,8.34,overcast clouds
559,Geraardsbergen,BE,50.7804,3.907,46.85,82,71,20.07,broken clouds
560,Ginda,IN,30.6945,78.4932,35.73,48,5,7.02,clear sky
561,La Ronge,CA,55.1001,-105.2842,-9.15,64,75,8.05,broken clouds
562,Greeneville,US,36.1632,-82.831,38.91,58,0,6.91,clear sky
563,Sambava,MG,-14.2667,50.1667,76.73,89,100,5.82,light rain
564,Great Bend,US,38.3645,-98.7648,50.05,39,0,21.85,clear sky
565,Bakel,SN,14.905,-12.4568,94.17,6,0,10.56,clear sky
566,Arandis,NA,-22.4167,14.9667,62.47,52,22,6.6,few clouds
567,Gumdag,TM,39.2061,54.5906,43.5,76,94,20.18,overcast clouds
568,Deputatskiy,RU,69.3,139.9,-29.11,96,100,3.18,overcast clouds
569,Belaya Gora,RU,68.5333,146.4167,-39.93,100,98,1.03,overcast clouds
570,Luanda,AO,-8.8368,13.2343,80.6,69,20,8.05,few clouds
571,Sooke,CA,48.3746,-123.7276,46.08,92,100,12.66,overcast clouds
572,Ketchikan,US,55.3422,-131.6461,43.27,93,100,16.11,moderate rain
573,Adigeni,GE,41.6819,42.6987,17.47,95,92,3.94,light snow
574,Pringsewu,ID,-5.3582,104.9744,73.38,97,100,2.39,overcast clouds
575,Kattivakkam,IN,13.2167,80.3167,81.07,81,67,9.84,broken clouds
576,Cabo San Lucas,MX,22.8909,-109.9124,71.62,56,0,8.05,clear sky
577,Khani,GE,41.9563,42.9566,24.37,95,92,3.09,light snow
578,Shimoda,JP,34.6667,138.95,33.91,73,5,25.57,clear sky
579,Emba,KZ,48.8264,58.1442,23.04,92,100,7.38,overcast clouds
580,Kirakira,SB,-10.4544,161.9205,81.0,85,98,5.14,overcast clouds
581,Reidsville,US,36.3549,-79.6645,40.51,32,0,8.05,clear sky
582,Sechura,PE,-5.5569,-80.8222,83.21,53,47,12.03,scattered clouds
583,Syracuse,IT,37.0881,15.2792,58.37,78,85,5.84,overcast clouds
584,Wufeng,CN,27.45,104.8333,32.02,97,100,4.29,overcast clouds
585,Itacarambi,BR,-15.1022,-44.0919,88.66,48,94,3.04,overcast clouds
586,Conceicao Do Araguaia,BR,-8.2578,-49.2647,91.74,50,61,4.68,broken clouds
587,Batagay-Alyta,RU,67.8006,130.4114,-26.03,99,72,3.65,broken clouds
588,Kohima,IN,25.6667,94.1167,41.43,97,28,2.35,scattered clouds
589,Envira,BR,-7.3,-70.2167,82.56,70,99,3.49,overcast clouds
590,Los Llanos De Aridane,ES,28.6585,-17.9182,65.12,82,0,1.99,clear sky
591,Halifax,CA,44.6453,-63.5724,26.22,90,100,11.01,overcast clouds
592,Panzos,GT,15.4,-89.6667,71.96,93,94,3.44,overcast clouds
593,Penzance,GB,50.1186,-5.5371,51.01,80,100,30.69,overcast clouds
594,Namie,JP,37.4833,141.0,26.98,67,66,4.29,broken clouds
595,Boyle,US,37.6334,-84.8666,29.26,68,40,0.0,scattered clouds
596,Arroyo,ES,41.6096,-4.7969,45.14,63,0,9.22,clear sky
597,Goderich,CA,43.7501,-81.7165,19.9,62,99,6.91,overcast clouds
598,Launceston,AU,-41.45,147.1667,58.64,72,100,10.36,overcast clouds
599,Alto Longa,BR,-5.2511,-42.2103,89.58,51,76,3.67,broken clouds
600,Dalnerechensk,RU,45.9339,133.7225,-9.56,99,87,5.55,overcast clouds
601,Aloleng,PH,16.1307,119.7824,76.64,74,84,8.75,broken clouds
602,Doha,QA,25.2867,51.5333,66.18,50,0,13.8,clear sky
603,Cochrane,CA,51.1834,-114.4687,45.23,31,75,19.57,broken clouds
604,Boone,US,39.0334,-92.3335,30.45,51,3,1.01,clear sky
605,Hanzhong,CN,33.0728,107.0303,35.46,91,100,7.87,light rain
606,Yar-Sale,RU,66.8333,70.8333,-10.8,100,87,3.13,overcast clouds
607,Guadalupe Y Calvo,MX,26.1,-106.9667,57.52,20,12,6.4,few clouds
608,Alofi,NU,-19.0595,-169.9187,75.09,100,100,3.44,overcast clouds
609,Ilinskiy,RU,55.619,38.1182,16.38,85,62,4.47,fog
610,Tres Arroyos,AR,-38.3739,-60.2798,65.57,62,100,20.13,overcast clouds
611,Gamboula,CF,4.1178,15.1393,78.17,18,84,1.36,broken clouds
612,Rivers,CA,50.0308,-100.2403,-1.25,88,100,3.22,overcast clouds
613,Sisophon,KH,13.5859,102.9737,77.13,60,41,9.24,scattered clouds
614,Kushima,JP,31.4583,131.2333,38.12,74,8,7.45,clear sky
615,Pathein,MM,16.7833,94.7333,71.73,91,9,6.02,clear sky
616,Aktash,RU,50.3,87.7333,-15.36,72,0,5.55,clear sky
617,Axim,GH,4.8699,-2.2405,81.91,76,33,11.39,scattered clouds
618,Nanzhou,CN,29.3596,112.4024,41.59,72,71,8.9,light rain
619,Saint-Augustin,CA,51.226,-58.6502,5.2,93,100,16.17,light snow
620,Oriximina,BR,-1.7656,-55.8661,86.61,65,88,1.77,overcast clouds
621,Uhlove,UA,44.8215,33.6045,42.57,78,100,14.5,overcast clouds
622,Pasni,PK,25.2631,63.471,72.07,77,16,10.25,few clouds
623,Irtyshskiy,RU,58.3333,68.1333,20.8,89,100,6.8,overcast clouds
624,Mondlo,ZA,-27.983,30.7177,60.85,97,99,5.41,light rain
625,Sabinopolis,BR,-18.6661,-43.0839,74.14,81,100,2.66,overcast clouds
626,Nacala,MZ,-14.5428,40.6728,78.21,83,81,6.13,broken clouds
627,Borisoglebskiy,RU,57.2586,39.1508,8.24,100,47,2.95,scattered clouds
628,Nedjo,ET,9.5046,35.5019,62.26,37,90,3.96,overcast clouds
629,Baiyin,CN,36.5583,104.2081,16.68,92,100,6.26,light snow
630,Moca,DO,19.5,-70.5,72.3,72,75,10.36,broken clouds
631,Terrace,CA,54.5163,-128.6035,42.71,81,75,10.36,broken clouds
632,Dryden,CA,49.7833,-92.7503,5.29,72,100,16.11,overcast clouds
633,Coron,PH,11.9986,120.2043,78.15,66,88,11.5,overcast clouds
634,Yaan,NG,7.3833,8.5667,86.43,12,1,6.02,clear sky
635,Broken Hill,AU,-31.95,141.4333,68.29,40,5,10.69,clear sky
636,Tortoli,IT,39.9256,9.6572,53.42,82,0,2.3,clear sky
637,Rio Grande,BR,-32.035,-52.0986,84.31,75,99,12.39,overcast clouds
638,Hirara,JP,24.8,125.2833,62.51,67,100,19.89,overcast clouds
639,Uspenka,UA,48.3903,39.1619,20.86,94,81,5.32,broken clouds
640,Touros,BR,-5.1989,-35.4608,88.7,55,20,13.18,few clouds
641,Silveira,PT,39.1112,-9.3643,57.56,91,43,8.01,scattered clouds
642,Brawley,US,32.9787,-115.5303,65.48,20,0,5.75,clear sky
643,Meulaboh,ID,4.1363,96.1285,75.6,88,100,7.2,overcast clouds
644,Belyy Yar,RU,53.6039,91.3903,-13.11,77,98,2.24,fog
645,Olot,ES,42.181,2.4901,50.41,62,97,2.1,overcast clouds
646,Nuevo Progreso,MX,23.1667,-97.95,56.59,30,78,4.0,broken clouds
647,Altay,CN,47.8667,88.1167,7.16,51,0,9.89,clear sky
648,Doctor Arroyo,MX,23.6667,-100.1833,50.68,54,32,9.69,scattered clouds
649,Leh,IN,34.1667,77.5833,-7.83,75,42,3.44,scattered clouds
650,Trincomalee,LK,8.5711,81.2335,79.11,72,31,13.06,scattered clouds
651,Newala,TZ,-10.9431,39.2787,66.24,88,91,4.12,overcast clouds
652,Vilhena,BR,-12.7406,-60.1458,84.42,65,75,9.22,broken clouds
653,Namatanai,PG,-3.6667,152.4333,80.02,78,78,9.22,broken clouds
654,Bara,NG,10.3744,10.7288,75.13,19,0,7.76,clear sky
655,Dalbandin,PK,28.8947,64.4101,62.4,20,0,12.91,clear sky
656,Neuquen,AR,-38.9516,-68.0591,75.09,38,40,2.3,scattered clouds
657,Conceicao Do Mato Dentro,BR,-19.0372,-43.425,75.22,82,100,2.57,moderate rain
658,Cabedelo,BR,-6.9811,-34.8339,86.67,63,25,11.03,scattered clouds
659,Yate,GB,51.5407,-2.4184,50.74,83,100,7.0,overcast clouds
660,Nexo,DK,55.0607,15.1306,39.29,83,64,30.0,broken clouds
661,Pitimbu,BR,-7.4706,-34.8086,86.59,61,19,10.54,few clouds
662,Tuatapere,NZ,-46.1333,167.6833,50.83,84,39,0.76,scattered clouds
663,Kalivia,GR,35.0583,25.2272,55.81,78,8,7.7,clear sky
664,Keetmanshoop,NA,-26.5833,18.1333,83.32,36,11,5.75,few clouds
665,Mao,ES,39.8885,4.2658,52.36,82,40,2.3,scattered clouds
666,Peniche,PT,39.3558,-9.3811,56.75,77,28,17.2,scattered clouds
667,Long Xuyen,VN,10.3833,105.4167,75.15,82,99,1.63,overcast clouds
668,Husavik,IS,66.0449,-17.3389,13.91,97,99,27.76,snow
669,Waddan,LY,29.1614,16.139,59.54,21,1,3.8,clear sky
670,Leskolovo,RU,60.2634,30.4546,22.93,76,100,9.84,snow
671,Pimentel,PE,-6.8367,-79.9342,80.89,54,0,11.5,clear sky
672,Caconda,AO,-13.7333,15.0667,62.17,63,100,3.11,overcast clouds
673,Ginir,ET,7.1333,40.7,62.37,18,65,2.59,broken clouds
674,Piacabucu,BR,-10.4056,-36.4344,84.34,58,100,12.95,light rain
675,Makariv,UA,50.4641,29.8113,35.29,91,100,12.39,overcast clouds
676,Castelldefels,ES,41.2779,1.9703,56.08,83,20,5.75,few clouds
677,Sungaipenuh,ID,-2.0833,101.3833,64.6,100,100,2.35,overcast clouds
678,Voyvozh,RU,62.892,54.9635,-2.65,99,53,4.16,broken clouds
679,Hami,CN,42.8,93.45,27.09,27,92,13.73,overcast clouds
680,Sorland,NO,67.667,12.6934,39.7,78,97,34.67,overcast clouds
681,Lata,PT,40.1629,-8.3327,54.07,67,2,5.5,clear sky
682,Pachperwa,IN,27.5167,82.65,52.43,80,15,6.71,few clouds
683,Canton,CN,23.1167,113.25,55.99,64,80,6.58,broken clouds
684,Alexandria,EG,31.2156,29.9553,57.16,67,0,10.83,clear sky
685,Zhoucheng,CN,35.9122,116.3117,28.76,35,40,1.12,scattered clouds
686,Matay,EG,28.419,30.7792,55.45,49,0,7.11,clear sky
687,Nadym,RU,65.5333,72.5167,-17.18,100,93,3.62,overcast clouds
688,Suratgarh,IN,29.3167,73.9,59.02,38,6,7.18,clear sky
689,Chicama,PE,-7.8447,-79.1469,68.54,56,60,10.04,broken clouds
690,Warrnambool,AU,-38.3833,142.4833,60.82,79,100,10.98,overcast clouds
691,Bereda,ES,43.2686,-7.5406,46.92,86,6,5.28,clear sky
692,Daru,PG,-9.0763,143.2092,77.79,91,100,8.97,light rain
693,Omsukchan,RU,62.5333,155.8,-24.38,78,3,3.87,clear sky
694,Arlit,NE,18.7369,7.3853,69.24,11,0,8.55,clear sky
695,Bosobolo,CD,4.1833,19.9,80.06,24,96,0.25,overcast clouds
696,Cankuzo,BI,-3.1333,30.5833,59.09,91,100,1.63,overcast clouds
697,Sakhipur,BD,24.3,90.1833,64.27,64,10,5.08,clear sky
698,Cooma,AU,-36.2333,149.1333,49.77,100,75,4.61,broken clouds
699,La Ciotat,FR,43.1748,5.6045,55.81,73,45,12.86,scattered clouds
700,Belmonte,BR,-15.8631,-38.8828,82.9,64,85,8.25,heavy intensity rain
